<!DOCTYPE hibernate-configuration PUBLIC
  "-//Hibernate/Hibernate Configuration DTD 3.0//EN"
  "http://hibernate.sourceforge.net/hibernate-configuration-3.0.dtd">
<hibernate-configuration>
  <session-factory>
    <property name="hibernate.connection.driver_class">
      com.mysql.jdbc.Driver
    </property>
    <property name="hibernate.connection.username">root</property>
    <property name="hibernate.connection.password">ggcvm,987.0001</property>
    <property name="hibernate.connection.url">
      jdbc:mysql://127.0.0.1:3306/db_reserva
    </property>
    <property name="hibernate.dialect">
      org.hibernate.dialect.MySQL8Dialect
    </property>
    <property name="hibernate.show_sql">true</property>
    <property name="hibernate.format_sql">false</property>
    <property name="hbm2ddl.auto">update</property>

    <!-- Classes que serão persistidas no tutorial -->
    <mapping class="br.ifpr.biblioteca.modelo.Aluno" />
    <mapping class="br.ifpr.biblioteca.modelo.Pessoa" />    
    <mapping class="br.ifpr.biblioteca.modelo.Armario" />
    <mapping class="br.ifpr.biblioteca.modelo.Funcionario" />
    <mapping class="br.ifpr.biblioteca.modelo.Reserva" />

  </session-factory>
</hibernate-configuration>